PatientID,Age,BMI,Glucose,BloodPressure,Insulin,Outcome
5001,59,36.8,170.7,85.4,27.7,1
5002,72,31.0,193.8,73.6,32.2,1
5003,49,31.9,109.7,55.1,11.2,1
5004,35,31.3,105.6,77.6,19.4,1
5005,63,32.9,124.8,60.9,60.4,1
5006,28,34.4,104.7,46.1,36.9,1
5007,41,25.7,100.0,90.0,96.8,1
5008,59,21.1,102.8,77.5,124.4,0
5009,39,24.1,174.9,71.1,50.7,1
5010,43,28.3,144.7,67.9,92.3,1
5011,31,15.2,104.6,88.8,23.8,1
5012,31,34.4,41.4,109.0,34.8,1
5013,44,18.6,70.6,77.4,81.1,1
5014,73,31.6,136.1,59.6,31.7,1
5015,56,27.6,52.1,70.1,57.7,0
5016,60,30.0,129.4,77.2,13.3,1
5017,44,26.0,85.9,43.8,59.5,1
5018,23,29.6,122.9,76.0,128.5,1
5019,42,26.0,122.0,77.2,131.9,1
5020,73,25.6,123.9,87.9,83.8,1
5021,22,23.8,107.4,86.7,89.0,1
5022,44,36.4,106.3,73.3,53.1,1
5023,64,30.4,96.9,90.2,57.1,1
5024,50,29.6,135.5,96.4,9.3,1
5025,58,23.9,145.8,72.3,38.1,1
5026,22,27.3,81.0,77.0,39.0,0
5027,41,23.4,118.3,50.8,206.8,1
5028,53,25.9,126.3,54.6,36.7,1
5029,32,22.2,125.9,61.9,51.8,1
5030,42,36.8,125.3,66.7,49.5,1
5031,64,24.6,107.1,58.8,65.8,1
5032,45,23.9,128.9,71.6,89.7,1
5033,69,21.6,139.8,67.0,16.6,1
5034,47,24.5,124.5,84.9,48.9,1
5035,62,25.9,136.2,66.3,113.6,1
5036,48,28.2,151.7,44.6,40.4,1
5037,36,25.1,60.8,73.5,21.2,0
5038,35,20.2,150.2,71.8,69.1,1
5039,67,20.6,131.0,61.7,112.8,1
5040,71,32.0,84.4,73.1,4.2,0
5041,64,27.9,145.7,59.1,97.5,1
5042,72,31.9,107.3,76.0,112.1,1
5043,23,32.6,111.6,103.6,40.2,1
5044,57,29.3,103.8,50.3,266.0,1
5045,71,22.1,129.7,65.8,100.4,1
5046,27,29.5,94.9,63.9,96.6,1
5047,41,35.8,148.8,66.8,89.5,1
5048,29,26.2,115.6,84.2,10.6,1
5049,59,30.3,108.3,78.5,15.9,1
5050,38,28.4,144.1,82.2,40.5,1
5051,24,35.6,109.8,72.4,19.9,1
5052,45,25.0,150.3,56.1,34.9,1
5053,34,34.5,151.3,58.6,142.6,1
5054,70,26.5,77.3,81.0,113.0,1
5055,29,24.9,155.5,74.0,64.6,1
5056,46,29.1,73.2,87.1,126.9,0
5057,73,30.3,157.5,75.5,99.5,1
5058,22,38.4,184.9,57.8,36.4,1
5059,40,30.2,148.0,65.7,14.6,1
5060,48,29.5,51.0,78.8,46.9,0
5061,67,36.8,154.0,80.5,86.6,1
5062,27,31.6,191.9,82.3,37.3,1
5063,64,25.1,110.3,59.4,71.4,1
5064,28,35.6,118.9,57.6,6.4,1
5065,67,24.7,82.0,69.7,89.6,1
5066,55,25.1,130.0,89.3,108.9,1
5067,34,24.1,160.6,63.7,79.8,1
5068,37,23.6,142.3,77.5,222.3,1
5069,56,30.2,220.5,77.5,113.9,1
5070,70,27.2,121.1,81.1,151.7,1
5071,60,10.4,67.8,92.0,176.3,0
5072,24,27.1,125.5,90.7,105.1,1
5073,22,25.8,42.7,64.9,72.9,1
5074,26,33.1,102.9,46.8,0.4,0
5075,74,25.6,172.0,63.9,40.8,1
5076,62,41.7,130.4,72.9,55.0,1
5077,24,35.8,125.7,67.7,23.6,1
5078,74,26.5,178.3,95.6,24.9,1
5079,49,34.5,111.3,72.2,211.1,1
5080,38,31.2,160.4,79.8,144.5,1
5081,46,29.7,124.1,74.6,123.0,1
5082,64,32.7,132.2,67.8,33.9,0
5083,54,28.8,81.0,48.9,0.9,1
5084,30,29.7,104.6,71.1,5.4,1
5085,56,32.8,75.3,111.1,24.3,1
5086,34,39.2,117.0,57.1,1.0,1
5087,51,29.8,132.5,50.2,1.1,1
5088,68,26.1,84.5,95.2,161.5,1
5089,35,17.9,185.6,80.9,79.6,0
5090,28,38.7,128.9,74.2,24.0,1
5091,34,27.1,121.8,88.4,9.2,1
5092,43,31.3,144.6,62.0,46.6,1
5093,60,38.4,93.5,70.7,0.3,1
5094,41,29.7,125.2,83.5,181.2,1
5095,36,27.5,97.1,97.3,34.8,1
5096,65,35.9,169.9,58.0,33.5,1
5097,38,30.9,86.1,87.4,32.2,1
5098,67,31.5,122.0,76.6,4.7,1
5099,73,20.6,130.5,74.0,66.1,1
5100,44,34.8,132.6,71.9,85.8,1
5101,46,30.5,101.4,55.4,73.3,1
5102,45,21.4,91.3,83.6,9.7,1
5103,65,31.0,101.9,62.6,56.2,1
5104,61,17.8,136.9,59.0,54.8,1
5105,49,40.7,115.4,82.6,131.8,1
5106,35,22.8,145.5,81.5,31.0,1
5107,65,36.9,135.3,72.9,30.2,1
5108,21,24.3,47.1,85.0,62.6,0
5109,45,31.4,127.9,89.1,65.2,1
5110,27,23.8,192.0,87.7,41.2,0
5111,29,33.7,162.4,65.7,38.0,1
5112,44,27.3,133.5,84.2,44.3,1
5113,21,30.9,86.1,74.5,128.3,0
5114,64,28.6,135.3,92.7,40.2,1
5115,28,21.4,143.7,70.5,182.8,1
5116,44,31.1,111.9,67.7,45.6,1
5117,31,25.9,130.1,64.6,193.7,1
5118,71,33.9,168.3,74.3,116.3,1
5119,37,27.3,92.6,77.6,29.3,1
5120,28,28.1,86.1,77.8,129.5,1
5121,55,37.3,142.2,76.2,7.6,1
5122,55,40.9,134.6,80.1,168.4,1
5123,53,32.6,152.9,69.3,64.9,1
5124,25,27.0,138.2,61.5,3.6,1
5125,62,26.6,101.8,60.5,67.2,1
5126,59,24.2,133.8,83.7,237.8,1
5127,61,25.2,83.5,77.6,4.7,1
5128,48,27.1,112.0,49.7,52.6,0
5129,27,38.7,136.1,85.2,89.5,1
5130,29,27.5,108.5,94.6,108.0,1
5131,28,22.1,199.0,63.4,34.7,1
5132,32,28.7,59.5,76.0,14.8,1
5133,54,29.4,102.5,66.3,2.8,0
5134,53,28.7,90.0,79.5,56.3,1
5135,68,32.7,97.6,58.0,39.2,1
5136,43,28.9,99.4,71.1,193.1,1
5137,44,32.5,77.6,83.8,4.1,1
5138,57,24.4,144.1,86.8,75.2,1
5139,55,37.8,102.5,77.1,1.6,1
5140,64,29.8,125.2,67.9,12.2,0
5141,60,30.6,106.1,52.9,39.3,1
5142,42,24.4,97.9,62.9,39.4,1
5143,47,31.0,173.5,66.4,75.2,1
5144,55,31.9,149.5,63.6,156.7,1
5145,21,22.4,60.2,72.7,66.2,0
5146,55,19.9,56.8,67.9,199.5,0
5147,57,30.0,153.4,74.1,138.7,1
5148,67,26.0,103.4,86.4,57.1,1
5149,34,29.9,67.2,67.1,116.6,1
5150,23,21.8,153.5,55.4,66.9,0
5151,21,20.4,125.4,63.6,5.3,1
5152,25,29.6,128.1,79.0,87.7,1
5153,46,26.7,145.9,80.1,6.5,1
5154,34,17.5,78.1,76.9,58.6,0
5155,59,35.5,67.8,87.6,78.8,1
5156,47,21.7,170.6,69.8,4.5,1
5157,29,41.9,74.0,96.6,17.1,0
5158,35,25.3,80.9,81.8,160.7,1
5159,35,30.6,87.3,41.7,62.3,0
5160,46,37.1,186.6,93.6,18.4,1
5161,62,36.2,135.8,62.8,76.3,1
5162,33,38.8,150.9,59.6,59.0,1
5163,71,20.6,126.3,78.3,45.3,1
5164,52,22.6,100.7,51.1,242.9,1
5165,59,29.7,140.2,63.7,74.8,1
5166,69,32.9,70.2,90.7,30.6,1
5167,72,28.4,85.0,78.7,104.6,1
5168,52,20.0,143.5,81.7,140.3,1
5169,24,31.1,76.6,64.1,8.7,1
5170,50,27.5,113.9,53.5,14.5,1
5171,57,27.4,115.4,80.5,15.8,1
5172,43,16.7,103.1,83.2,76.4,1
5173,59,32.6,57.6,82.6,60.1,1
5174,65,29.3,99.9,74.5,62.7,1
5175,35,37.8,93.6,60.4,183.7,1
5176,63,28.1,125.2,101.3,97.2,1
5177,49,31.4,123.5,77.8,8.9,1
5178,56,32.8,132.1,69.9,27.8,1
5179,33,19.4,98.4,70.0,37.2,0
5180,52,42.1,136.7,73.8,32.8,1
5181,27,26.3,70.2,84.8,71.9,0
5182,71,31.1,61.7,74.3,144.6,1
5183,42,31.8,45.3,82.3,23.7,1
5184,48,24.3,104.0,73.8,52.2,1
5185,22,38.1,95.9,70.7,101.3,1
5186,62,29.9,145.3,79.7,35.0,1
5187,65,27.4,99.2,79.2,12.0,1
5188,73,29.2,128.7,70.0,41.9,1
5189,26,32.5,146.0,63.0,3.7,1
5190,48,28.6,98.0,76.1,185.5,1
5191,48,33.1,129.5,72.9,5.1,1
5192,64,19.7,152.1,65.3,37.5,1
5193,64,24.6,80.4,61.9,49.1,1
5194,40,17.4,120.8,76.9,274.3,0
5195,50,38.9,98.2,78.6,11.8,1
5196,31,38.8,82.4,67.7,7.9,1
5197,48,31.8,70.8,65.0,0.6,1
5198,45,23.2,81.9,62.0,11.0,1
5199,59,40.9,121.9,76.6,15.1,1
5200,53,25.4,68.5,62.4,64.7,0
5201,21,27.4,102.4,98.9,16.1,1
5202,47,29.3,146.0,67.1,1.3,1
5203,72,30.8,134.4,42.9,113.9,1
5204,33,31.8,103.0,71.6,29.6,1
5205,61,32.1,174.1,71.1,28.4,1
5206,23,27.7,180.6,85.3,23.4,1
5207,59,32.0,120.8,75.5,240.8,1
5208,26,27.5,41.0,62.0,12.1,0
5209,28,31.5,148.4,68.6,148.5,1
5210,47,31.1,46.6,75.9,97.5,0
5211,29,32.5,167.2,46.0,5.2,1
5212,57,31.8,154.7,88.1,280.9,1
5213,53,26.2,176.8,62.0,20.6,1
5214,71,30.9,128.3,89.0,6.7,1
5215,62,31.9,108.4,76.7,114.9,1
5216,64,21.8,105.6,79.6,79.7,1
5217,44,27.1,102.5,85.8,62.4,1
5218,35,31.7,151.4,78.9,11.0,1
5219,74,37.4,142.8,80.1,42.3,1
5220,52,32.8,123.8,70.0,98.6,1
5221,52,37.7,96.9,76.5,23.5,1
5222,44,26.4,204.1,65.0,24.3,1
5223,61,29.8,149.2,67.9,0.2,1
5224,72,32.7,68.9,95.6,12.4,1
5225,69,16.4,103.5,62.3,135.4,0
5226,69,36.4,149.8,73.9,37.9,1
5227,72,18.8,94.4,73.4,269.7,1
5228,32,33.7,131.2,68.3,32.7,1
5229,59,32.1,150.4,78.2,81.6,1
5230,22,16.3,11.6,79.1,21.5,0
5231,23,16.6,116.5,60.9,29.4,0
5232,69,35.9,117.8,73.2,13.8,1
5233,57,34.8,106.8,59.0,27.7,1
5234,69,23.9,129.7,81.5,51.5,1
5235,37,23.9,141.0,74.1,312.0,1
5236,69,31.2,124.5,73.0,70.9,1
5237,22,28.4,108.0,79.9,14.4,1
5238,22,34.0,140.2,68.7,3.0,0
5239,48,31.0,121.6,83.0,8.8,1
5240,74,36.7,112.6,60.6,53.7,1
5241,43,33.5,78.0,88.9,94.2,1
5242,57,32.2,70.0,65.4,183.3,1
5243,52,26.7,77.4,51.6,1.0,1
5244,53,26.3,128.9,68.1,48.1,1
5245,21,28.2,117.5,66.7,41.4,0
5246,39,38.1,72.6,68.0,69.4,1
5247,22,26.4,140.7,74.8,53.3,1
5248,73,29.9,164.0,85.2,75.5,1
5249,64,16.8,100.8,69.7,69.8,1
5250,46,32.0,64.3,63.7,8.1,1
5251,52,40.2,97.3,58.5,104.5,1
5252,26,23.6,147.3,66.4,8.5,1
5253,52,45.0,137.6,49.3,77.9,1
5254,24,29.4,90.5,63.3,35.0,1
5255,31,15.1,168.7,86.9,46.9,1
5256,37,26.5,163.1,62.1,151.8,1
5257,58,35.4,96.5,79.5,143.4,1
5258,44,38.9,96.2,57.3,110.7,1
5259,25,32.2,101.0,93.3,46.4,1
5260,72,36.7,103.8,94.1,86.6,1
5261,54,22.4,150.4,79.1,46.8,1
5262,26,25.0,133.6,95.9,132.4,1
5263,42,19.8,148.1,76.3,33.5,1
5264,31,25.4,141.6,81.2,228.4,1
5265,68,32.5,174.9,87.1,175.0,1
5266,36,29.6,86.1,74.2,88.0,0
5267,53,33.0,132.2,53.4,21.3,1
5268,29,23.6,50.4,81.5,9.2,0
5269,26,23.9,77.9,66.3,125.4,1
5270,36,29.6,117.6,67.2,11.7,1
5271,49,25.4,133.4,75.6,125.2,1
5272,23,35.3,116.7,78.8,43.9,1
5273,40,25.2,101.8,73.8,33.9,1
5274,56,25.9,107.5,79.6,151.8,1
5275,39,30.7,163.8,63.5,60.2,1
5276,46,26.5,107.7,71.5,55.9,1
5277,23,22.1,176.0,82.2,53.2,1
5278,39,22.8,145.4,93.3,30.2,1
5279,40,31.3,134.6,97.5,100.1,1
5280,52,21.4,81.8,77.2,18.9,1
5281,27,35.8,149.9,82.1,181.7,1
5282,72,24.9,104.2,95.8,145.9,1
5283,61,31.7,81.8,63.9,26.8,1
5284,53,25.2,136.4,79.6,85.0,1
5285,60,23.7,75.6,81.2,55.3,1
5286,59,29.8,95.6,89.4,26.8,1
5287,38,34.0,119.7,58.4,290.4,1
5288,60,27.2,191.0,60.7,1.7,1
5289,21,28.2,98.0,72.3,18.9,1
5290,31,32.7,105.3,76.5,47.7,1
5291,48,32.9,143.4,85.5,48.0,1
5292,45,28.3,80.4,78.2,57.8,0
5293,70,26.2,134.2,70.2,90.5,1
5294,43,28.9,158.6,77.0,63.5,1
5295,51,27.5,110.2,75.6,59.6,1
5296,50,30.1,152.8,92.9,3.6,1
5297,62,22.3,129.3,74.0,30.7,1
5298,55,29.9,96.6,67.4,17.2,1
5299,27,24.8,113.7,77.4,20.0,1
5300,36,33.2,107.8,74.4,52.5,1
5301,46,25.0,117.2,53.1,14.5,0
5302,68,25.1,124.9,71.8,22.6,1
5303,72,30.8,138.8,70.8,17.6,1
5304,69,28.6,136.3,65.5,192.8,1
5305,22,40.3,42.2,84.4,188.1,0
5306,21,20.0,116.9,62.6,61.2,0
5307,68,29.1,71.7,77.5,168.0,1
5308,32,34.4,111.2,70.2,100.2,0
5309,25,25.5,116.0,73.3,57.9,1
5310,57,23.8,151.2,76.9,0.4,1
5311,52,24.0,119.0,56.3,96.2,1
5312,29,20.1,128.3,74.3,78.8,1
5313,61,35.5,145.4,99.5,62.1,1
5314,55,26.8,159.3,53.3,92.9,1
5315,39,26.2,116.1,71.3,46.8,0
5316,68,17.5,123.0,85.5,79.1,0
5317,36,21.0,120.3,75.6,177.8,1
5318,23,36.1,102.6,80.3,30.6,1
5319,40,30.1,95.4,43.5,80.0,1
5320,44,34.6,47.3,79.2,42.0,1
5321,74,33.9,85.5,62.9,72.9,1
5322,53,23.3,63.1,75.7,93.6,0
5323,44,41.1,160.2,71.6,3.0,1
5324,72,38.6,126.0,99.3,67.6,1
5325,31,25.6,116.0,78.6,16.7,0
5326,69,9.9,97.0,70.6,72.1,1
5327,28,26.6,121.0,53.9,41.1,1
5328,56,29.7,92.9,73.5,96.5,1
5329,58,25.5,125.6,81.9,8.6,1
5330,60,27.3,127.9,71.0,64.0,1
5331,40,24.2,92.4,65.9,21.2,1
5332,55,33.3,91.8,65.1,124.6,1
5333,68,28.8,150.8,78.4,171.4,1
5334,45,33.4,118.3,81.1,365.7,1
5335,55,34.9,95.0,88.3,103.3,1
5336,45,17.2,108.1,60.1,91.1,1
5337,49,24.5,87.7,78.3,15.8,0
5338,38,25.3,117.9,70.5,26.6,1
5339,66,41.9,146.6,70.9,40.7,1
5340,38,29.3,119.1,76.8,96.5,1
5341,22,32.7,195.6,76.9,160.2,1
5342,74,18.7,133.5,78.3,13.6,1
5343,55,29.2,127.4,59.3,166.1,1
5344,36,33.6,90.9,63.0,77.3,1
5345,61,33.0,112.4,89.8,61.3,1
5346,56,31.7,95.1,69.4,14.5,1
5347,53,28.6,50.7,75.7,3.7,1
5348,24,28.8,151.2,84.7,54.6,1
5349,53,19.7,103.6,77.6,68.5,1
5350,34,23.8,95.7,78.6,15.4,1
5351,41,29.7,126.7,82.7,52.8,1
5352,68,24.8,136.4,46.6,126.2,1
5353,40,32.1,109.7,66.1,117.1,1
5354,28,30.9,119.9,77.6,170.4,1
5355,27,35.6,143.9,88.7,29.6,1
5356,23,33.5,108.5,72.8,24.9,1
5357,37,29.7,129.7,61.9,90.0,1
5358,53,32.4,66.9,62.2,36.7,0
5359,68,33.7,80.3,82.6,6.0,1
5360,32,25.9,139.4,69.4,21.6,1
5361,71,26.8,78.6,71.9,35.2,1
5362,42,28.0,127.5,79.4,22.5,1
5363,42,26.0,115.3,37.2,26.2,1
5364,66,33.8,108.3,96.0,22.6,1
5365,50,25.2,93.5,63.2,2.8,1
5366,58,35.0,149.1,74.9,65.9,1
5367,58,26.6,175.4,51.5,59.1,1
5368,65,31.0,129.6,66.9,68.9,1
5369,71,29.4,130.3,86.9,13.9,1
5370,74,23.4,98.2,49.0,22.8,1
5371,28,28.4,81.7,85.5,62.8,1
5372,47,30.2,118.7,68.7,59.5,1
5373,47,28.2,88.8,77.8,45.9,0
5374,54,21.5,63.3,79.9,28.0,0
5375,41,37.3,145.7,77.3,158.7,1
5376,50,29.0,147.3,61.6,27.0,1
5377,53,24.4,92.5,67.6,39.5,1
5378,48,36.9,127.8,54.5,73.7,1
5379,67,31.7,152.1,77.9,50.9,1
5380,53,22.3,126.6,92.4,27.7,1
5381,25,23.1,81.8,50.1,37.2,0
5382,68,27.3,112.5,62.9,102.8,1
5383,39,30.0,162.5,69.8,21.2,0
5384,24,31.7,127.9,74.1,10.0,1
5385,55,33.4,137.3,82.6,24.4,1
5386,69,31.3,130.9,70.2,123.1,1
5387,37,35.5,92.6,68.2,6.1,1
5388,64,29.2,100.1,85.2,311.4,1
5389,48,24.5,130.8,79.9,50.6,1
5390,50,28.5,146.1,78.5,272.3,1
5391,49,28.1,155.2,73.4,181.8,1
5392,66,15.1,92.5,83.8,39.2,1
5393,73,25.6,133.9,64.1,14.4,1
5394,26,30.1,158.0,62.5,11.7,1
5395,55,26.3,88.4,81.0,17.8,0
5396,61,25.1,167.6,52.5,80.5,1
5397,57,33.2,172.4,73.1,20.7,1
5398,44,23.7,204.0,68.2,27.1,1
5399,49,32.2,127.4,55.1,38.7,1
5400,69,21.6,127.6,60.8,158.9,1
5401,66,42.9,146.5,70.7,13.6,1
5402,73,27.4,145.5,84.4,0.3,1
5403,51,26.8,156.0,64.2,4.0,1
5404,55,34.4,145.1,86.6,152.8,1
5405,53,26.3,116.6,72.8,67.8,1
5406,72,36.1,159.1,87.7,20.7,1
5407,41,30.4,85.7,64.7,12.7,1
5408,52,27.9,120.2,71.4,22.7,1
5409,43,27.3,170.0,76.4,7.9,1
5410,53,34.8,80.0,69.8,184.6,1
5411,23,29.7,98.3,83.4,99.7,1
5412,38,30.7,141.5,45.5,40.3,1
5413,45,31.3,132.6,101.1,130.1,1
5414,62,29.2,92.0,82.3,18.7,1
5415,51,31.2,106.7,69.9,82.1,1
5416,74,27.9,82.2,65.4,126.0,0
5417,23,28.2,151.4,61.6,28.7,1
5418,60,22.7,111.8,79.7,92.1,1
5419,66,30.0,177.3,83.9,22.7,1
5420,44,19.6,122.6,70.0,23.1,1
5421,70,30.0,113.0,85.3,7.4,1
5422,52,27.0,109.9,61.1,37.7,0
5423,67,30.4,112.2,59.0,85.0,1
5424,42,23.0,123.5,93.8,183.1,1
5425,43,17.5,200.4,79.1,60.2,1
5426,22,26.7,109.2,88.8,129.3,1
5427,47,23.1,110.2,61.8,112.4,1
5428,62,19.2,122.1,60.9,12.4,1
5429,22,32.5,154.9,67.7,43.2,1
5430,46,36.8,74.5,62.1,8.1,1
5431,37,24.4,134.6,80.5,74.5,1
5432,60,28.1,93.8,63.0,194.6,1
5433,53,26.9,137.7,57.9,9.6,1
5434,29,25.1,104.2,73.7,86.0,1
5435,63,32.0,46.3,56.5,65.0,1
5436,74,33.8,131.8,50.4,56.9,1
5437,68,24.0,131.6,73.6,32.1,1
5438,59,28.7,101.5,51.0,28.5,1
5439,49,35.2,99.6,81.3,3.0,1
5440,62,32.1,78.0,55.3,16.0,1
5441,46,32.9,144.7,45.1,1.0,1
5442,55,35.6,148.2,68.5,56.6,1
5443,70,35.5,91.9,73.7,7.3,1
5444,45,33.8,102.7,77.9,134.1,1
5445,44,29.3,118.0,74.1,48.1,1
5446,33,26.5,192.7,59.3,78.2,1
5447,27,29.0,137.4,80.6,34.4,1
5448,56,25.7,89.8,83.5,53.4,1
5449,65,18.3,129.7,57.5,185.8,1
5450,40,27.0,75.9,69.8,5.6,1
5451,21,30.4,143.0,68.7,19.0,1
5452,28,25.4,173.6,74.6,98.4,1
5453,66,27.5,173.8,69.5,6.8,1
5454,36,27.7,143.5,71.2,5.1,1
5455,34,35.6,101.3,79.7,29.2,1
5456,32,26.6,78.4,58.6,6.3,1
5457,71,35.6,75.2,80.8,57.2,1
5458,43,14.4,30.2,85.7,16.7,0
5459,35,35.5,142.2,91.6,146.9,1
5460,48,35.2,116.7,46.3,99.5,1
5461,54,33.2,149.1,69.8,78.2,1
5462,22,18.0,165.7,48.4,62.4,1
5463,52,33.8,123.2,42.8,129.4,1
5464,43,28.2,124.7,73.7,16.4,1
5465,42,15.3,105.1,67.2,134.2,0
5466,71,35.3,108.9,75.6,101.3,1
5467,45,36.0,143.3,77.8,89.6,1
5468,42,18.6,114.4,87.0,53.5,1
5469,42,29.4,109.8,72.6,18.4,1
5470,69,35.7,119.4,107.1,35.8,1
5471,72,34.9,148.4,75.7,102.6,1
5472,62,32.8,97.8,94.1,2.1,1
5473,26,14.7,117.9,44.0,99.0,0
5474,35,32.3,127.8,88.2,17.8,1
5475,74,27.4,157.1,69.8,10.1,1
5476,63,33.7,112.3,48.6,8.0,1
5477,57,29.8,97.0,77.0,1.8,1
5478,53,28.4,104.5,68.4,48.2,1
5479,28,31.8,153.7,79.0,16.0,1
5480,73,27.6,185.1,84.1,295.7,1
5481,64,28.4,78.0,54.1,55.5,1
5482,64,25.6,85.0,84.2,9.6,1
5483,25,20.2,114.6,72.1,75.9,1
5484,59,31.5,123.6,88.2,148.2,1
5485,24,24.3,145.2,69.5,88.9,0
5486,26,27.5,91.5,66.4,5.2,1
5487,65,30.0,86.0,72.3,147.0,1
5488,52,17.7,124.4,73.2,102.7,1
5489,72,18.8,111.7,64.0,11.2,1
5490,50,26.9,149.7,66.0,3.5,1
5491,67,30.9,135.6,57.3,53.0,1
5492,55,32.4,137.8,66.8,11.0,1
5493,60,20.2,116.7,80.1,117.0,1
5494,72,31.8,195.4,70.4,28.8,1
5495,36,27.2,93.2,84.1,158.6,1
5496,33,23.9,139.5,69.8,54.2,1
5497,70,25.1,79.4,54.8,13.1,1
5498,62,32.7,85.6,79.2,9.8,1
5499,50,29.9,100.6,63.9,55.8,1
5500,39,28.8,172.1,69.2,93.3,1
5501,37,29.8,128.4,86.9,98.9,1
5502,39,33.3,101.1,58.1,21.0,1
5503,48,28.0,132.0,74.0,14.9,1
5504,46,28.8,121.1,71.5,1.1,1
5505,57,34.4,104.3,80.4,73.9,1
5506,46,26.8,75.3,82.3,5.2,0
5507,73,31.7,166.0,75.2,35.5,1
5508,43,25.9,126.7,67.7,59.8,1
5509,29,26.3,189.6,77.7,179.8,1
5510,32,28.0,150.1,88.0,24.3,1
5511,73,31.2,137.6,71.7,18.7,1
5512,21,34.7,106.1,68.8,69.0,1
5513,21,29.0,84.9,76.7,62.8,1
5514,67,20.7,113.0,72.5,26.2,1
5515,54,31.8,84.0,55.9,171.1,1
5516,52,41.3,140.8,74.9,121.1,1
5517,74,29.1,172.2,55.8,16.5,1
5518,68,19.6,111.7,76.5,17.8,0
5519,45,29.4,150.2,62.4,46.7,1
5520,60,28.5,97.9,72.4,96.5,1
5521,65,28.0,110.3,76.7,2.9,1
5522,73,33.4,93.9,101.4,76.8,1
5523,21,35.7,51.7,80.9,67.9,0
5524,36,32.1,118.8,88.4,17.1,1
5525,59,27.8,124.1,94.5,74.3,1
5526,25,34.4,154.1,77.9,183.1,1
5527,42,20.7,145.5,75.4,3.1,1
5528,49,24.8,145.9,59.2,25.0,1
5529,23,25.4,88.8,70.6,37.5,0
5530,32,28.3,134.7,63.3,149.2,1
5531,46,31.1,170.6,67.2,213.0,1
5532,36,27.5,132.2,94.4,38.2,1
5533,71,23.8,178.5,73.4,90.1,1
5534,57,33.6,184.6,61.5,49.3,1
5535,42,27.3,111.4,88.5,50.2,1
5536,49,29.0,97.7,83.5,21.2,0
5537,34,31.4,95.6,84.1,15.9,0
5538,48,28.7,71.5,47.9,22.1,0
5539,25,28.7,103.4,95.4,52.8,1
5540,67,33.9,158.6,65.3,1.9,1
5541,69,29.3,49.5,81.3,154.6,1
5542,50,33.0,86.8,102.3,11.0,1
5543,66,31.3,115.9,97.9,16.2,1
5544,72,39.0,91.9,60.3,47.5,1
5545,25,30.6,103.1,54.7,80.5,1
5546,32,31.8,103.6,89.2,6.5,1
5547,36,34.2,111.8,73.7,24.8,1
5548,46,28.8,96.7,66.0,225.1,1
5549,46,25.2,94.0,79.5,19.8,1
5550,68,26.0,149.9,70.0,24.4,1
5551,41,26.1,153.6,80.4,117.7,1
5552,59,23.6,75.8,72.8,3.3,1
5553,56,30.2,31.7,80.7,40.6,1
5554,53,25.2,154.0,61.3,31.0,1
5555,50,29.5,80.7,89.1,24.7,1
5556,57,27.7,126.8,80.4,21.9,1
5557,43,28.3,69.9,79.8,6.2,0
5558,30,31.4,161.5,58.6,24.6,1
5559,74,25.7,201.4,92.4,2.9,1
5560,25,31.8,125.8,71.8,98.7,1
5561,56,36.7,117.0,80.7,33.0,0
5562,54,30.3,109.7,68.1,38.1,1
5563,72,24.4,145.0,75.1,145.6,1
5564,51,25.3,138.2,75.6,69.8,1
5565,30,27.2,152.1,38.2,0.5,1
5566,39,25.4,99.9,79.0,186.4,1
5567,52,23.3,130.9,95.6,17.6,1
5568,21,29.3,102.6,78.5,7.4,0
5569,25,27.3,86.2,60.5,95.0,0
5570,65,29.5,118.7,79.8,45.1,1
5571,24,34.7,90.5,84.7,37.0,1
5572,36,27.3,157.6,78.1,18.7,1
5573,44,22.3,92.4,71.1,51.5,0
5574,36,26.4,131.6,69.1,20.8,1
5575,22,32.5,100.7,69.0,150.7,1
5576,69,32.0,128.9,80.4,15.8,1
5577,48,31.2,103.2,55.1,140.2,1
5578,52,25.3,79.8,67.5,53.3,1
5579,47,32.4,135.5,91.1,114.6,1
5580,40,33.6,112.5,91.6,81.1,1
5581,44,24.9,129.2,54.3,77.5,0
5582,32,28.3,106.3,58.4,25.5,0
5583,70,39.0,77.5,68.8,17.3,1
5584,55,24.7,154.7,82.7,15.4,1
5585,53,19.6,143.6,50.1,126.5,1
5586,53,35.7,101.9,71.3,111.6,1
5587,71,34.4,122.2,66.3,37.8,1
5588,63,26.1,153.3,87.9,9.2,1
5589,57,27.9,105.4,51.9,31.3,1
5590,32,22.1,110.3,73.1,62.8,1
5591,23,29.0,127.8,67.3,39.4,1
5592,21,34.6,105.3,89.6,98.5,1
5593,53,25.7,147.4,79.2,392.7,1
5594,60,33.1,114.6,65.0,13.8,1
5595,30,30.9,94.9,82.2,40.0,1
5596,63,31.5,139.5,67.3,36.7,1
5597,64,26.0,83.5,84.0,23.6,1
5598,49,26.7,184.5,69.2,14.3,1
5599,33,18.9,170.6,84.7,4.4,1
5600,32,25.6,136.4,77.2,141.8,1
5601,51,34.6,133.7,111.1,35.4,1
5602,66,23.7,132.2,71.4,44.7,0
5603,22,24.4,104.3,76.6,161.7,1
5604,71,31.8,129.5,66.2,97.3,0
5605,70,30.6,90.5,72.0,9.1,1
5606,55,32.1,136.1,39.6,54.2,1
5607,43,22.5,147.8,77.6,38.0,1
5608,37,41.8,107.9,88.1,103.7,1
5609,46,22.2,101.0,76.8,83.7,1
5610,28,29.3,81.2,56.2,76.2,1
5611,49,27.7,166.7,62.4,27.1,1
5612,46,22.3,103.5,42.8,106.2,1
5613,30,26.6,113.6,83.7,3.5,1
5614,46,28.6,129.6,59.9,11.3,1
5615,54,25.1,129.0,71.7,26.6,1
5616,71,33.4,143.9,70.2,5.2,1
5617,61,27.7,107.9,89.9,17.4,1
5618,27,21.5,83.6,73.0,115.2,1
5619,24,21.1,78.0,81.7,192.5,0
5620,73,31.7,101.5,78.6,23.6,1
5621,70,20.8,89.5,88.3,20.0,1
5622,65,30.1,110.3,69.1,21.3,1
5623,31,30.8,161.8,94.4,21.1,1
5624,49,23.3,107.9,48.2,2.4,1
5625,56,33.1,107.9,82.3,170.0,1
5626,45,19.6,119.5,61.6,15.6,0
5627,41,30.0,107.0,66.1,35.4,1
5628,56,28.3,117.8,78.8,0.6,1
5629,30,27.9,137.3,78.7,126.9,1
5630,57,22.4,148.3,79.3,85.4,1
5631,29,23.6,152.1,55.4,190.6,0
5632,44,36.9,185.8,89.4,98.9,1
5633,55,34.8,138.2,61.2,24.5,1
5634,69,32.4,191.5,62.8,18.5,1
5635,55,33.4,95.2,79.7,77.8,1
5636,68,32.9,186.9,68.6,29.4,1
5637,56,26.8,107.8,75.7,54.3,1
5638,38,28.7,111.0,46.1,0.4,1
5639,69,20.8,116.2,75.4,4.2,1
5640,59,28.0,113.0,74.6,49.8,1
5641,52,34.7,122.7,65.9,54.3,1
5642,44,25.1,101.4,47.1,90.5,1
5643,43,33.8,146.6,69.4,9.2,1
5644,52,29.0,102.3,71.6,46.8,1
5645,57,21.3,141.0,67.6,14.1,1
5646,32,22.7,168.9,50.0,6.4,1
5647,69,33.3,108.6,91.1,34.4,1
5648,33,31.4,145.4,64.3,11.6,1
5649,43,29.0,137.9,69.3,16.3,1
5650,45,27.1,192.1,43.1,24.8,1
5651,55,29.6,103.8,91.1,19.5,1
5652,61,33.1,145.4,66.4,6.0,1
5653,50,36.2,68.0,73.2,6.1,1
5654,37,36.4,104.1,85.4,14.0,1
5655,69,30.4,131.3,63.9,3.4,1
5656,40,27.6,164.6,83.6,64.0,1
5657,68,29.3,80.8,47.3,22.0,1
5658,45,31.2,145.2,78.6,21.3,1
5659,42,31.2,118.0,90.9,26.2,1
5660,33,35.3,71.3,65.0,70.7,0
5661,39,39.5,125.8,85.4,132.9,1
5662,69,27.4,174.7,94.0,92.5,1
5663,56,39.7,84.1,68.9,84.5,1
5664,32,34.6,116.5,67.9,43.1,1
5665,61,28.0,88.4,61.2,76.9,1
5666,39,36.3,105.0,65.9,52.3,1
5667,32,37.3,165.8,62.2,15.8,1
5668,29,26.1,111.3,61.2,15.2,1
5669,27,37.5,164.9,86.4,22.8,1
5670,48,34.1,155.5,62.5,157.1,1
5671,34,40.8,108.4,75.1,51.5,1
5672,51,26.3,103.9,72.5,86.1,1
5673,72,26.7,91.3,90.0,27.7,1
5674,39,18.0,90.2,66.0,34.0,1
5675,67,31.5,131.3,76.6,8.7,1
5676,36,30.5,119.4,81.5,12.2,1
5677,73,25.6,100.0,89.9,114.2,1
5678,25,28.1,70.4,65.8,57.1,1
5679,55,21.7,123.4,64.6,26.8,1
5680,32,34.7,105.0,59.3,105.5,1
5681,45,26.0,113.8,98.8,18.4,1
5682,72,44.6,129.7,88.6,242.5,1
5683,41,27.6,39.9,71.5,27.5,0
5684,56,24.5,70.9,95.2,26.7,0
5685,73,26.4,193.5,70.8,24.3,1
5686,43,21.2,103.8,80.7,8.5,1
5687,36,31.0,39.4,72.1,7.7,0
5688,59,26.3,73.6,76.8,67.9,1
5689,65,34.4,199.5,75.5,135.2,1
5690,73,27.1,97.5,66.9,101.6,1
5691,62,35.7,157.1,85.1,9.9,1
5692,59,32.4,123.9,80.6,51.3,1
5693,34,28.6,104.5,84.3,7.3,1
5694,51,36.7,144.8,75.8,3.0,0
5695,25,33.5,43.7,61.1,69.4,0
5696,55,43.8,73.9,92.5,49.8,1
5697,43,26.4,104.2,68.8,5.6,1
5698,49,28.9,77.0,76.4,2.3,1
5699,63,36.7,101.4,79.6,297.8,1
5700,31,20.5,147.3,76.3,2.0,1
5701,38,35.3,124.2,83.0,38.2,1
5702,67,30.8,162.6,84.9,45.7,1
5703,32,23.9,126.3,69.3,8.1,1
5704,29,21.4,151.8,91.5,12.0,0
5705,30,25.0,117.9,68.8,28.2,1
5706,64,16.6,101.1,76.0,93.2,1
5707,37,26.0,167.4,67.3,46.0,1
5708,58,31.7,97.3,63.9,66.0,1
5709,27,26.0,131.0,84.5,273.7,1
5710,66,35.7,144.6,109.5,95.0,1
5711,33,37.1,146.9,67.7,37.0,0
5712,60,35.1,82.7,86.6,38.4,1
5713,62,29.7,153.7,68.1,62.7,1
5714,29,16.4,88.7,71.9,71.2,0
5715,70,24.8,145.9,93.1,45.1,1
5716,47,27.8,137.1,59.1,67.3,1
5717,22,23.9,146.2,55.9,1.5,1
5718,25,27.8,81.4,71.0,36.5,1
5719,49,36.9,138.8,80.0,21.3,1
5720,57,19.9,154.7,77.6,9.0,1
5721,58,37.9,126.2,76.3,6.8,1
5722,39,33.1,93.8,72.4,60.1,0
5723,28,29.9,149.4,81.4,48.2,1
5724,68,24.8,123.6,37.0,19.0,1
5725,65,24.0,66.4,63.0,41.4,1
5726,21,20.0,91.3,70.9,44.1,0
5727,42,37.4,103.2,80.5,14.1,1
5728,72,36.5,168.2,89.9,68.6,1
5729,37,21.2,162.6,61.4,98.7,1
5730,27,25.6,162.5,89.5,101.9,1
5731,45,30.8,127.4,66.6,60.0,1
5732,65,26.9,149.2,70.4,46.6,1
5733,24,18.5,83.5,79.0,4.1,0
5734,56,25.1,120.2,69.6,22.1,1
5735,26,38.6,134.5,85.3,6.4,1
5736,51,25.4,85.6,67.1,215.8,0
5737,39,27.6,126.7,67.3,9.4,1
5738,64,22.5,174.0,84.6,10.7,1
5739,74,31.6,137.9,62.8,143.2,1
5740,59,29.1,149.4,75.0,187.3,1
5741,47,24.6,41.5,52.1,94.4,0
5742,30,21.7,169.9,93.8,0.4,1
5743,46,35.8,114.0,86.5,0.1,1
5744,39,20.2,95.4,105.0,30.9,1
5745,59,31.1,114.4,88.1,10.1,1
5746,23,17.3,72.5,58.4,1.2,0
5747,65,32.2,153.5,80.0,40.5,1
5748,33,33.5,109.3,61.0,186.3,1
5749,70,34.2,96.4,90.9,25.4,1
5750,48,27.7,114.6,58.8,70.3,1
